{
  "model": "bert_prune50",
  "config": "type2",
  "n": 396,
  "counts": {
    "pro": 193,
    "anti": 203
  },
  "proportions": {
    "pro": 0.48737373737373735,
    "anti": 0.5126262626262627
  },
  "stereotype_rate": 0.48737373737373735,
  "avg_time_per_example_sec": 1.8283649105014224,
  "total_time_sec": 724.0325045585632
}