{
  "model": "bert_prune70",
  "config": "type2",
  "n": 396,
  "counts": {
    "pro": 200,
    "anti": 196
  },
  "proportions": {
    "pro": 0.5050505050505051,
    "anti": 0.494949494949495
  },
  "stereotype_rate": 0.5050505050505051,
  "avg_time_per_example_sec": 1.7866847087638547,
  "total_time_sec": 707.5271446704865
}