{
  "n": 2106,
  "counts": {
    "stereotype": 676,
    "anti": 936,
    "unrelated": 494
  },
  "proportions": {
    "stereotype": 0.32098765432098764,
    "anti": 0.4444444444444444,
    "unrelated": 0.2345679012345679
  },
  "stereotype_rate_given_bias_pair": 0.41935483870967744,
  "avg_time_per_example_sec": 0.3887894128688946,
  "total_time_sec": 818.7905035018921
}